{"name":"build-javascript","namedChunkGroups":{"polyfill":{"name":"polyfill","assets":[{"name":"webpack-runtime-91c8f0dd88554c97fa4a.js","size":3543},{"name":"polyfill-dfe0099cb0b0a62d4a4c.js","size":85029}],"filteredAssets":0,"assetsSize":88572,"filteredAuxiliaryAssets":2,"auxiliaryAssetsSize":224699},"app":{"name":"app","assets":[{"name":"webpack-runtime-91c8f0dd88554c97fa4a.js","size":3543},{"name":"framework-86faefcf11d643126986.js","size":140737},{"name":"styles.4cd0772c85621d8439b5.css","size":12593},{"name":"app-0312bd0828bffadbc629.js","size":81482}],"filteredAssets":0,"assetsSize":238355,"filteredAuxiliaryAssets":3,"auxiliaryAssetsSize":707361},"component---src-pages-404-js":{"name":"component---src-pages-404-js","assets":[{"name":"component---src-pages-404-js-56b8413f605191f4e7fc.js","size":800}],"filteredAssets":0,"assetsSize":800,"filteredAuxiliaryAssets":1,"auxiliaryAssetsSize":1769},"component---src-pages-index-js":{"name":"component---src-pages-index-js","assets":[{"name":"1bfc9850-089b4cf586c67b16154c.js","size":4727},{"name":"0c428ae2-fa00f0026a52c62e125c.js","size":752},{"name":"f6878e6ab03ddbff9f635bb2b44657bb60dbcbc6-19f16f008a9eb0c7f111.js","size":24623},{"name":"component---src-pages-index-js-d8da5163b95eff1bf32a.js","size":10359}],"filteredAssets":0,"assetsSize":40461,"filteredAuxiliaryAssets":6,"auxiliaryAssetsSize":3038906},"component---src-pages-resume-js":{"name":"component---src-pages-resume-js","assets":[{"name":"1bfc9850-089b4cf586c67b16154c.js","size":4727},{"name":"0c428ae2-fa00f0026a52c62e125c.js","size":752},{"name":"f6878e6ab03ddbff9f635bb2b44657bb60dbcbc6-19f16f008a9eb0c7f111.js","size":24623},{"name":"component---src-pages-resume-js-1ead7c2a4b2950144acb.js","size":5862}],"filteredAssets":0,"assetsSize":35964,"filteredAuxiliaryAssets":6,"auxiliaryAssetsSize":3030009},"component---src-pages-work-js":{"name":"component---src-pages-work-js","assets":[{"name":"1bfc9850-089b4cf586c67b16154c.js","size":4727},{"name":"0c428ae2-fa00f0026a52c62e125c.js","size":752},{"name":"f6878e6ab03ddbff9f635bb2b44657bb60dbcbc6-19f16f008a9eb0c7f111.js","size":24623},{"name":"component---src-pages-work-js-650cdfa2528ec1724bff.js","size":9130}],"filteredAssets":0,"assetsSize":39232,"filteredAuxiliaryAssets":6,"auxiliaryAssetsSize":3036782}},"assetsByChunkName":{"polyfill":["webpack-runtime-91c8f0dd88554c97fa4a.js","polyfill-dfe0099cb0b0a62d4a4c.js"],"app":["webpack-runtime-91c8f0dd88554c97fa4a.js","framework-86faefcf11d643126986.js","styles.4cd0772c85621d8439b5.css","app-0312bd0828bffadbc629.js"],"component---src-pages-404-js":["component---src-pages-404-js-56b8413f605191f4e7fc.js"],"component---src-pages-index-js":["1bfc9850-089b4cf586c67b16154c.js","0c428ae2-fa00f0026a52c62e125c.js","f6878e6ab03ddbff9f635bb2b44657bb60dbcbc6-19f16f008a9eb0c7f111.js","component---src-pages-index-js-d8da5163b95eff1bf32a.js"],"component---src-pages-resume-js":["1bfc9850-089b4cf586c67b16154c.js","0c428ae2-fa00f0026a52c62e125c.js","f6878e6ab03ddbff9f635bb2b44657bb60dbcbc6-19f16f008a9eb0c7f111.js","component---src-pages-resume-js-1ead7c2a4b2950144acb.js"],"component---src-pages-work-js":["1bfc9850-089b4cf586c67b16154c.js","0c428ae2-fa00f0026a52c62e125c.js","f6878e6ab03ddbff9f635bb2b44657bb60dbcbc6-19f16f008a9eb0c7f111.js","component---src-pages-work-js-650cdfa2528ec1724bff.js"]},"childAssetsByChunkName":{}}